<?xml version="1.0" encoding="UTF-8"?>
<!DOCTYPE mapper PUBLIC "-//mybatis.org//DTD Mapper 3.0//EN" "http://mybatis.org/dtd/mybatis-3-mapper.dtd" >
<mapper namespace="com.interest.dao.InterestDao">
	<resultMap id="interestMap"
		type="com.interest.model.entity.InterestEntity">
		<id column="id" property="id" />
		<result column="title" property="title" />
		<result column="info" property="info" />
		<result column="content" property="content" />
		<result column="image" property="image" />
		<result column="sort" property="sort" />
        <result column="banner" property="banner" />
	</resultMap>

	<resultMap id="interestResponse"
			   type="com.interest.model.response.InterestResponse">
		<id column="id" property="id" />
		<result column="title" property="title" />
		<result column="info" property="info" />
		<result column="image" property="image" />
	</resultMap>

	<resultMap id="bannerResponse"
			   type="com.interest.model.response.BannerResponse">
		<id column="id" property="id" />
		<result column="image" property="image" />
	</resultMap>

	<select id="interestList" resultMap="interestMap">
		<![CDATA[select * from interest]]>
		<![CDATA[ order by sort asc ]]>
		<if test="pageSize != null and start != null ">
			limit #{start},#{pageSize}
		</if>
	</select>

	<select id="interestSize" resultType="Integer">
		<![CDATA[select count(*) from interest]]>
	</select>

	<select id="getInsterest" resultMap="interestResponse">
		select id,title,image,info from interest
		<where>
			<if test="title != null and title != ''">
				title like CONCAT('%',#{title},'%')
			</if>
		</where>
		order by sort asc
	</select>

	<select id="getInsterestById" resultMap="interestMap">
		select * from interest
		<where>
			id = #{id}
		</where>
	</select>
	
	<insert id="insertEntity" parameterType="InterestEntity">
		insert into interest (title,info,content,image)
	  	values (#{title},#{info},#{content},#{image})
	</insert>

	<update id="updateEntity" parameterType="InterestEntity">
		update interest set title = #{title},info = #{info},content = #{content},image = #{image},sort = #{sort}
		<where>
			id = #{id}
		</where>
	</update>

	<delete id="deleteInterests">
		delete from interest
		<where>
			<if test="groupId !=null">
				id in
				<foreach collection="groupId" item="item" index="index"
						 open="(" separator="," close=")">
					#{item}
				</foreach>
			</if>
		</where>
	</delete>

	<select id="getBanners" resultMap="bannerResponse">
		select id,image from interest
		<where>
			banner = 1
		</where>
		<![CDATA[ order by sort desc ]]>
	</select>

	<update id="updateBanners">
		update interest set banner = #{banner}
		<where>
			<if test="groupId !=null">
				id in
				<foreach collection="groupId" item="item" index="index"
						 open="(" separator="," close=")">
					#{item}
				</foreach>
			</if>
		</where>
	</update>

</mapper>